config,t,rank1,tar@far0.001,tar@far0.0001,eer,dir@tau,err_std,err_max,flip_tau,top1_change
plaintext_float,-1,0.9417685118619699,0.9502755811167026,0.8383656841600767,0.01184131568329622,0.7697100407380781,0,0,0,0
A_q4x8_r4x15_quantised,-1,0.9417685118619699,0.950515216870357,0.8388449556673856,0.011845103906468025,0.771267673136832,0.0008145144092850387,0.004247751086950302,0,0
A_q4x8_r4x15,0,0.9417685118619699,0.950515216870357,0.8388449556673856,0.01184131568329622,0.771267673136832,5.028664872952504e-06,3.656744956970215e-05,0.0,0.0
A_q4x8_r4x15,16,0.941888329738797,0.9503953989935299,0.8389647735442128,0.01184131568329622,0.771267673136832,0.00044743219041265547,0.0024689286947250366,1.6392022236949023e-06,0.00011981787682722263
A_q4x8_r4x15,64,0.9420081476156242,0.9506350347471842,0.8392044092978672,0.01184131568329622,0.7722262161514498,0.0009030059445649385,0.005384812131524086,2.4978319599160416e-06,0.0005990893841361131
A_q4x8_r4x15,256,0.9416486939851426,0.9503953989935299,0.8381260484064222,0.011777618521710805,0.771267673136832,0.0017764426302164793,0.010272078216075897,3.824805188621438e-06,0.0016774502755811168
B_r10x6_quantised,-1,0.9417685118619699,0.950515216870357,0.8388449556673856,0.011845103906468025,0.771267673136832,0.0008145144092850387,0.004247751086950302,0,0
B_r10x6,0,0.9417685118619699,0.950515216870357,0.8388449556673856,0.01184131568329622,0.771267673136832,1.0745940926426556e-05,6.00903294980526e-05,7.80572487473763e-08,0.0
B_r10x6,16,0.9416486939851426,0.9503953989935299,0.8389647735442128,0.01184131568329622,0.7715073088904865,0.00035019233473576605,0.0020225681364536285,7.80572487473763e-07,0.00011981787682722263
B_r10x6,64,0.9417685118619699,0.9506350347471842,0.8388449556673856,0.01184131568329622,0.7711478552600048,0.0006908882060088217,0.003480140119791031,1.2489159799580208e-06,0.0004792715073088905
B_r10x6,256,0.9415288761083154,0.950515216870357,0.8381260484064222,0.01184131568329622,0.7703091301222142,0.0013795167906209826,0.007718227803707123,4.058976934863568e-06,0.0011981787682722263
B_r10x6,1024,0.9417685118619699,0.9503953989935299,0.8374071411454589,0.01184131568329622,0.7681524083393242,0.0027710467111319304,0.014555620960891247,5.9323509048005985e-06,0.0026359932901988976
B_r4x15_quantised,-1,0.9417685118619699,0.950515216870357,0.8388449556673856,0.011845103906468025,0.771267673136832,0.0008145144092850387,0.004247751086950302,0,0
B_r4x15,0,0.9417685118619699,0.950515216870357,0.8388449556673856,0.01184131568329622,0.771267673136832,1.0732617738540284e-05,5.91278076171875e-05,7.80572487473763e-08,0.0
B_r4x15,16,0.9417685118619699,0.950515216870357,0.8388449556673856,0.01184131568329622,0.771267673136832,1.3927578947914299e-05,7.238984107971191e-05,7.80572487473763e-08,0.0
B_r4x15,64,0.9417685118619699,0.950515216870357,0.8388449556673856,0.01184131568329622,0.771267673136832,2.0686195057351142e-05,0.00011613965034484863,1.561144974947526e-07,0.0
B_r4x15,256,0.9417685118619699,0.950515216870357,0.8388449556673856,0.01184131568329622,0.771267673136832,3.704799746628851e-05,0.00021207332611083984,0.0,0.0
B_r4x15,1024,0.9417685118619699,0.950515216870357,0.8388449556673856,0.01184131568329622,0.7710280373831776,7.155923958634958e-05,0.0003673434257507324,2.3417174624212891e-07,0.0
B_r8x7_quantised,-1,0.9417685118619699,0.950515216870357,0.8388449556673856,0.011845103906468025,0.771267673136832,0.0008145144092850387,0.004247751086950302,0,0
B_r8x7,0,0.9417685118619699,0.950515216870357,0.8388449556673856,0.01184131568329622,0.771267673136832,1.0733471754065249e-05,6.154179573059082e-05,0.0,0.0
B_r8x7,16,0.9417685118619699,0.950515216870357,0.8387251377905584,0.01184131568329622,0.7709082195063504,0.00010264512820867822,0.0005348026752471924,8.586297362211393e-07,0.0
B_r8x7,64,0.9417685118619699,0.950515216870357,0.8388449556673856,0.01184131568329622,0.7711478552600048,0.0002027516020461917,0.001059025526046753,4.6834349248425783e-07,0.0
B_r8x7,256,0.9417685118619699,0.950515216870357,0.83908459142104,0.01184131568329622,0.7705487658758686,0.0004034836601931602,0.0021108370274305344,9.366869849685157e-07,0.00023963575365444525
B_r8x7,1024,0.9417685118619699,0.950515216870357,0.8393242271746945,0.01184131568329622,0.7710280373831776,0.0008062858250923455,0.004409991204738617,2.029488467431784e-06,0.0008387251377905584
