r_gadget,t,sigma_model,pred_flips,meas_flips
4x15,0,1.0944e-05,0.70,1
4x15,16,1.4744e-05,0.91,1
4x15,64,2.2592e-05,1.21,2
4x15,256,4.1016e-05,1.80,0
4x15,1024,7.9812e-05,3.52,3
8x7,0,1.0836e-05,0.70,0
8x7,16,1.0856e-04,4.80,11
8x7,64,2.1630e-04,8.63,6
8x7,256,4.3218e-04,15.16,12
8x7,1024,8.6417e-04,28.50,26
10x6,0,1.0944e-05,0.70,1
10x6,16,4.0015e-04,14.18,10
10x6,64,8.0008e-04,26.53,16
10x6,256,1.6000e-03,50.59,52
10x6,1024,3.2000e-03,96.06,76
4x9c,1024,6.2972e-05,2.73,2
6x6c,1024,2.0047e-04,8.12,9
