layout,q_base_log,q_level,r_base_log,r_level,n,threads,rep,seconds,templates_per_s
B,16,2,4,15,250000,1,0,71.2007,3511.2
B,16,2,4,15,250000,2,0,37.5883,6651.0
B,16,2,4,15,250000,4,0,20.0616,12461.6
B,16,2,4,15,250000,8,0,11.9318,20952.4
B,16,2,4,15,250000,16,0,9.9860,25035.0
B,16,2,4,15,250000,24,0,7.2850,34317.1
B,16,2,4,15,250000,32,0,5.7813,43243.0
B,16,2,4,15,250000,48,0,4.6792,53428.4
B,16,2,4,15,250000,1,1,70.3889,3551.7
B,16,2,4,15,250000,2,1,38.5232,6489.6
B,16,2,4,15,250000,4,1,20.4809,12206.5
B,16,2,4,15,250000,8,1,12.4243,20121.9
B,16,2,4,15,250000,16,1,8.6399,28935.6
B,16,2,4,15,250000,24,1,6.5287,38292.6
B,16,2,4,15,250000,32,1,5.9518,42003.9
B,16,2,4,15,250000,48,1,4.5395,55071.7
B,16,2,4,15,250000,1,2,69.9917,3571.9
B,16,2,4,15,250000,2,2,38.7897,6445.0
B,16,2,4,15,250000,4,2,20.5873,12143.4
B,16,2,4,15,250000,8,2,11.7103,21348.7
B,16,2,4,15,250000,16,2,8.7077,28710.2
B,16,2,4,15,250000,24,2,6.4022,39048.9
B,16,2,4,15,250000,32,2,5.9342,42129.0
B,16,2,4,15,250000,48,2,4.2199,59243.7
A,4,8,4,15,20000,1,0,88.4851,226.0
A,4,8,4,15,20000,2,0,44.8025,446.4
A,4,8,4,15,20000,4,0,24.6880,810.1
A,4,8,4,15,20000,8,0,14.0127,1427.3
A,4,8,4,15,20000,16,0,8.9725,2229.0
A,4,8,4,15,20000,24,0,7.0064,2854.5
A,4,8,4,15,20000,32,0,6.1849,3233.7
A,4,8,4,15,20000,48,0,5.3038,3770.9
A,4,8,4,15,20000,1,1,89.7427,222.9
A,4,8,4,15,20000,2,1,46.6796,428.5
A,4,8,4,15,20000,4,1,25.7009,778.2
A,4,8,4,15,20000,8,1,14.2722,1401.3
A,4,8,4,15,20000,16,1,9.1759,2179.6
A,4,8,4,15,20000,24,1,7.4102,2699.0
A,4,8,4,15,20000,32,1,6.4329,3109.0
A,4,8,4,15,20000,48,1,5.8926,3394.1
A,4,8,4,15,20000,1,2,96.9983,206.2
A,4,8,4,15,20000,2,2,45.9233,435.5
A,4,8,4,15,20000,4,2,25.0960,796.9
A,4,8,4,15,20000,8,2,13.9347,1435.3
A,4,8,4,15,20000,16,2,10.6258,1882.2
A,4,8,4,15,20000,24,2,8.4075,2378.8
A,4,8,4,15,20000,32,2,7.2023,2776.9
A,4,8,4,15,20000,48,2,6.0499,3305.8
