layout,q_base_log,q_level,r_base_log,r_level,n,threads,rep,seconds,templates_per_s,tag
B,16,2,4,9,250000,1,0,43.9835,5683.9,socket0
B,16,2,4,9,250000,2,0,22.2002,11261.1,socket0
B,16,2,4,9,250000,4,0,11.9880,20854.2,socket0
B,16,2,4,9,250000,8,0,6.3690,39252.7,socket0
B,16,2,4,9,250000,16,0,3.8291,65289.0,socket0
B,16,2,4,9,250000,26,0,2.8296,88351.9,socket0
B,16,2,4,9,250000,1,1,43.7566,5713.4,socket0
B,16,2,4,9,250000,2,1,22.8519,10940.0,socket0
B,16,2,4,9,250000,4,1,12.0607,20728.5,socket0
B,16,2,4,9,250000,8,1,6.3559,39333.7,socket0
B,16,2,4,9,250000,16,1,3.9143,63868.6,socket0
B,16,2,4,9,250000,26,1,2.8786,86846.4,socket0
B,16,2,4,9,250000,1,2,41.9319,5962.0,socket0
B,16,2,4,9,250000,2,2,23.0186,10860.8,socket0
B,16,2,4,9,250000,4,2,11.7739,21233.4,socket0
B,16,2,4,9,250000,8,2,6.1816,40442.6,socket0
B,16,2,4,9,250000,16,2,3.9457,63360.5,socket0
B,16,2,4,9,250000,26,2,2.7735,90137.4,socket0
B,16,2,4,9,250000,32,0,2.2156,112838.3,both_default
B,16,2,4,9,250000,48,0,1.8396,135900.8,both_default
B,16,2,4,9,250000,52,0,1.7844,140100.9,both_default
B,16,2,4,9,250000,32,1,2.3831,104905.1,both_default
B,16,2,4,9,250000,48,1,2.4516,101972.9,both_default
B,16,2,4,9,250000,52,1,1.9154,130519.9,both_default
B,16,2,4,9,250000,32,2,2.2557,110829.7,both_default
B,16,2,4,9,250000,48,2,1.9658,127176.0,both_default
B,16,2,4,9,250000,52,2,1.7959,139208.5,both_default
