layout,q_base_log,q_level,r_base_log,r_level,t,body_log2,mask_log2,score_err_std,score_err_maxabs,n_scores
A,4,8,4,15,0,25.673,25.680,0.5038,1.800,256
A,4,8,4,15,1,35.126,39.214,10.1194,26.736,256
A,4,8,4,15,2,35.557,39.575,13.9968,52.714,256
A,4,8,4,15,4,36.008,40.079,19.5309,60.849,256
A,4,8,4,15,8,36.493,40.474,23.6596,60.479,256
A,4,8,4,15,16,36.987,41.006,36.9740,93.084,256
A,4,8,4,15,32,37.475,41.494,48.7665,150.424,256
A,4,8,4,15,64,37.981,41.979,64.7190,198.709,256
A,4,8,4,15,128,38.477,42.520,98.4614,278.143,256
A,4,8,4,15,256,38.970,42.994,141.5763,447.464,256
