policy,r_base_log,r_level,t,drop_bits,kept_bits,bytes_per_template,noise_log2,score_err_std,score_err_maxabs
fixed:28,4,15,0,28,36,4608,31.119,3.1125,7.73
adaptive:0.5,4,15,0,21,43,5504,25.768,2.9146,7.66
adaptive:1.0,4,15,0,22,42,5376,25.979,2.5874,6.94
fixed:32,4,15,0,32,32,4096,35.198,2.6834,8.44
none,4,15,0,0,64,8192,25.680,2.9480,9.07
fixed:28,4,15,1,28,36,4608,34.979,3.2483,9.73
adaptive:0.5,4,15,1,31,33,4224,35.269,13.3513,37.57
adaptive:1.0,4,15,1,32,32,4096,35.627,2.7859,9.62
fixed:32,4,15,1,32,32,4096,35.900,2.8060,9.91
none,4,15,1,0,64,8192,35.338,2.8372,9.89
fixed:28,4,15,4,28,36,4608,35.974,3.3016,10.67
adaptive:0.5,4,15,4,32,32,4096,36.341,2.9356,8.46
adaptive:1.0,4,15,4,33,31,3968,36.790,3.1368,10.07
fixed:32,4,15,4,32,32,4096,36.718,3.2264,9.63
none,4,15,4,0,64,8192,36.209,2.8360,7.83
fixed:28,4,15,16,28,36,4608,36.976,3.6551,11.20
adaptive:0.5,4,15,16,33,31,3968,37.712,4.9242,12.87
adaptive:1.0,4,15,16,34,30,3840,38.529,6.5471,16.59
none,4,15,16,0,64,8192,37.188,3.5847,10.05
fixed:32,4,15,16,32,32,4096,37.677,4.3182,12.12
adaptive:0.5,4,15,64,34,30,3840,39.455,12.5391,39.68
adaptive:1.0,4,15,64,35,29,3712,40.510,25.0879,87.98
fixed:28,4,15,64,28,36,4608,37.985,5.4293,14.48
none,4,15,64,0,64,8192,38.178,5.3971,14.71
fixed:32,4,15,64,32,32,4096,38.516,6.7974,26.41
adaptive:1.0,4,15,256,36,28,3584,42.471,88.9826,389.52
fixed:28,4,15,256,28,36,4608,38.978,8.8784,28.91
adaptive:0.5,4,15,256,35,29,3712,41.512,48.8806,145.01
none,4,15,256,0,64,8192,39.179,8.7931,28.99
fixed:32,4,15,256,32,32,4096,39.537,11.7421,33.99
adaptive:1.0,4,15,1024,37,27,3456,44.392,320.7299,1384.86
adaptive:0.5,4,15,1024,36,28,3584,43.365,166.3534,533.20
fixed:28,4,15,1024,28,36,4608,39.983,16.0230,44.79
fixed:32,4,15,1024,32,32,4096,40.552,26.0265,83.43
none,4,15,1024,0,64,8192,40.186,17.1712,50.09
