K,N,nodes,cores_per_node,total_core_s,ideal_s,rr_s,lpt_s,split_lpt_s,rr_over_ideal,lpt_over_ideal,split_over_ideal,max_shard_frac,gini
100,100000,2,16,3.78,0.118,0.118,0.118,0.118,1.001,1.0,1.0,0.0367,0.212
100,100000,4,16,3.78,0.059,0.061,0.06,0.06,1.027,1.009,1.009,0.0367,0.212
100,100000,8,16,3.78,0.03,0.037,0.03,0.03,1.268,1.004,1.004,0.0367,0.212
100,100000,16,16,3.78,0.015,0.027,0.015,0.015,1.825,1.037,1.037,0.0367,0.212
100,100000,32,16,3.78,0.007,0.014,0.009,0.009,1.867,1.175,1.175,0.0367,0.212
100,100000,64,16,3.78,0.004,0.009,0.009,0.009,2.551,2.349,2.349,0.0367,0.212
100,100000,128,16,3.78,0.002,0.009,0.009,0.009,4.698,4.698,4.698,0.0367,0.212
100,1000000,2,16,37.75,1.18,1.181,1.18,1.18,1.001,1.0,1.0,0.0367,0.212
100,1000000,4,16,37.75,0.59,0.606,0.595,0.591,1.027,1.009,1.002,0.0367,0.212
100,1000000,8,16,37.75,0.295,0.374,0.296,0.296,1.268,1.004,1.003,0.0367,0.212
100,1000000,16,16,37.75,0.147,0.269,0.153,0.152,1.826,1.036,1.031,0.0367,0.212
100,1000000,32,16,37.75,0.074,0.138,0.087,0.081,1.869,1.176,1.101,0.0367,0.212
100,1000000,64,16,37.75,0.037,0.094,0.087,0.041,2.552,2.351,1.108,0.0367,0.212
100,1000000,128,16,37.75,0.018,0.087,0.087,0.039,4.702,4.702,2.097,0.0367,0.212
100,10000000,2,16,377.4,11.794,11.807,11.795,11.794,1.001,1.0,1.0,0.0367,0.212
100,10000000,4,16,377.4,5.897,6.056,5.949,5.897,1.027,1.009,1.0,0.0367,0.212
100,10000000,8,16,377.4,2.948,3.738,2.96,2.949,1.268,1.004,1.0,0.0367,0.212
100,10000000,16,16,377.4,1.474,2.693,1.528,1.475,1.827,1.036,1.001,0.0367,0.212
100,10000000,32,16,377.4,0.737,1.377,0.867,0.741,1.869,1.176,1.005,0.0367,0.212
100,10000000,64,16,377.4,0.369,0.941,0.867,0.376,2.552,2.351,1.02,0.0367,0.212
100,10000000,128,16,377.4,0.184,0.867,0.867,0.193,4.702,4.702,1.049,0.0367,0.212
1000,100000,2,16,3.83,0.12,0.12,0.12,0.12,1.004,1.0,1.0,0.0112,0.381
1000,100000,4,16,3.83,0.06,0.063,0.06,0.06,1.055,1.0,1.0,0.0112,0.381
1000,100000,8,16,3.83,0.03,0.033,0.03,0.03,1.088,1.001,1.001,0.0112,0.381
1000,100000,16,16,3.83,0.015,0.017,0.015,0.015,1.147,1.001,1.001,0.0112,0.381
1000,100000,32,16,3.83,0.007,0.01,0.008,0.008,1.315,1.003,1.003,0.0112,0.381
1000,100000,64,16,3.83,0.004,0.005,0.004,0.004,1.404,1.008,1.008,0.0112,0.381
1000,100000,128,16,3.83,0.002,0.004,0.003,0.003,1.992,1.417,1.417,0.0112,0.381
1000,1000000,2,16,37.79,1.181,1.186,1.181,1.181,1.004,1.0,1.0,0.0112,0.381
1000,1000000,4,16,37.79,0.591,0.623,0.591,0.591,1.056,1.0,1.0,0.0112,0.381
1000,1000000,8,16,37.79,0.295,0.322,0.295,0.295,1.09,1.001,1.001,0.0112,0.381
1000,1000000,16,16,37.79,0.148,0.169,0.148,0.148,1.148,1.001,1.001,0.0112,0.381
1000,1000000,32,16,37.79,0.074,0.097,0.074,0.074,1.318,1.004,1.004,0.0112,0.381
1000,1000000,64,16,37.79,0.037,0.052,0.037,0.037,1.412,1.01,1.01,0.0112,0.381
1000,1000000,128,16,37.79,0.018,0.037,0.027,0.027,2.006,1.436,1.436,0.0112,0.381
1000,10000000,2,16,377.42,11.794,11.841,11.796,11.795,1.004,1.0,1.0,0.0112,0.381
1000,10000000,4,16,377.42,5.897,6.226,5.899,5.898,1.056,1.0,1.0,0.0112,0.381
1000,10000000,8,16,377.42,2.949,3.213,2.951,2.95,1.09,1.001,1.0,0.0112,0.381
1000,10000000,16,16,377.42,1.474,1.693,1.475,1.475,1.148,1.001,1.0,0.0112,0.381
1000,10000000,32,16,377.42,0.737,0.972,0.74,0.738,1.318,1.004,1.001,0.0112,0.381
1000,10000000,64,16,377.42,0.369,0.52,0.372,0.37,1.412,1.01,1.003,0.0112,0.381
1000,10000000,128,16,377.42,0.184,0.37,0.265,0.185,2.008,1.438,1.006,0.0112,0.381
