config,op,us_per_ct_median,us_min,us_max,rounds,batch,bytes_per_ct,slots
A_q16x2_r4x15,client_query_enc,1395.56,1276.81,1435.40,7,100,32768,4
A_q16x2_r4x15,owner_reencrypt,8696.48,7776.95,8985.26,7,100,131072,4
A_q16x2_r4x15,owner_token_gen,100103.66,91826.00,102650.48,7,100,1966080,4
A_q16x2_r4x15,server_rotate,1144.42,1036.54,1174.51,7,100,131072,4
A_q16x2_r4x15,server_score,56.96,55.64,61.20,7,100,32768,4
A_q16x2_r4x15,server_to_fourier,71.50,64.35,138.51,7,100,131072,4
A_q4x8_r8x7,client_query_enc,1373.98,1201.99,1470.95,7,100,32768,4
A_q4x8_r8x7,owner_reencrypt,30269.56,28354.66,33685.83,7,100,524288,4
A_q4x8_r8x7,owner_token_gen,45322.78,39716.93,47989.43,7,100,917504,4
A_q4x8_r8x7,server_rotate,2217.73,2173.91,2437.04,7,100,524288,4
A_q4x8_r8x7,server_score,178.45,172.42,195.07,7,100,32768,4
A_q4x8_r8x7,server_to_fourier,520.97,499.42,565.78,7,100,524288,4
A_q8x4_r4x15,client_query_enc,1362.76,1249.17,1451.05,7,100,32768,4
A_q8x4_r4x15,owner_reencrypt,15764.61,15092.71,16857.94,7,100,262144,4
A_q8x4_r4x15,owner_token_gen,94643.19,88566.64,103456.34,7,100,1966080,4
A_q8x4_r4x15,server_rotate,2258.72,2110.49,2359.54,7,100,262144,4
A_q8x4_r4x15,server_score,100.63,96.68,106.15,7,100,32768,4
A_q8x4_r4x15,server_to_fourier,139.60,128.63,280.56,7,100,262144,4
A_q8x4_r8x7,client_query_enc,1322.83,1220.66,1516.63,7,100,32768,4
A_q8x4_r8x7,owner_reencrypt,15463.72,14449.66,16973.93,7,100,262144,4
A_q8x4_r8x7,owner_token_gen,44136.33,39937.24,48410.10,7,100,917504,4
A_q8x4_r8x7,server_rotate,1109.43,1052.30,1217.50,7,100,262144,4
A_q8x4_r8x7,server_score,97.41,92.46,103.49,7,100,32768,4
A_q8x4_r8x7,server_to_fourier,132.61,128.13,142.07,7,100,262144,4
B_r10x6,client_query_enc,7766.75,6638.50,9210.97,7,100,131072,4
B_r10x6,owner_reencrypt,2429.47,2112.35,2505.03,7,100,32768,4
B_r10x6,owner_token_gen,17288.13,14418.69,19701.87,7,100,393216,4
B_r10x6,server_rotate,121.41,113.31,127.84,7,100,32768,4
B_r10x6,server_score,50.46,47.50,52.89,7,100,32768,4
B_r12x5,client_query_enc,7686.22,6819.23,7973.14,7,100,131072,4
B_r12x5,owner_reencrypt,2407.21,2133.24,2501.27,7,100,32768,4
B_r12x5,owner_token_gen,14085.52,11983.86,14460.85,7,100,327680,4
B_r12x5,server_rotate,106.21,97.92,110.02,7,100,32768,4
B_r12x5,server_score,51.24,47.16,62.89,7,100,32768,4
B_r15x4,client_query_enc,7646.89,6667.23,8036.33,7,100,131072,4
B_r15x4,owner_reencrypt,2401.98,2146.31,2517.20,7,100,32768,4
B_r15x4,owner_token_gen,11202.43,9739.66,11575.09,7,100,262144,4
B_r15x4,server_rotate,88.74,81.50,92.28,7,100,32768,4
B_r15x4,server_score,51.15,46.35,53.52,7,100,32768,4
B_r4x15,client_query_enc,7737.40,6694.64,8067.59,7,100,131072,4
B_r4x15,owner_reencrypt,2435.89,2087.08,2521.25,7,100,32768,4
B_r4x15,owner_token_gen,41704.49,36202.66,43637.86,7,100,983040,4
B_r4x15,server_rotate,280.18,258.35,304.79,7,100,32768,4
B_r4x15,server_score,50.32,47.11,53.70,7,100,32768,4
B_r6x10,client_query_enc,7890.36,6666.19,7992.60,7,100,131072,4
B_r6x10,owner_reencrypt,2491.38,2075.33,2513.87,7,100,32768,4
B_r6x10,owner_token_gen,28411.22,23906.78,29098.25,7,100,655360,4
B_r6x10,server_rotate,192.36,177.84,199.77,7,100,32768,4
B_r6x10,server_score,51.28,46.02,53.20,7,100,32768,4
B_r8x7,client_query_enc,7772.86,6806.65,7992.77,7,100,131072,4
B_r8x7,owner_reencrypt,2430.04,2077.41,2656.63,7,100,32768,4
B_r8x7,owner_token_gen,19456.44,17116.25,20304.56,7,100,458752,4
B_r8x7,server_rotate,144.35,128.59,148.74,7,100,32768,4
B_r8x7,server_score,52.06,46.92,53.57,7,100,32768,4
