N,nodes,L,ideal_s,compute_s,overlap_s,serial_s,io_s,compute_over_ideal
1000000,4,512,0.5915,0.8451,1.7412,2.5863,1.7412,1.0
1000000,4,1024,0.5915,0.8451,1.7412,2.5863,1.7412,1.0
1000000,4,2048,0.5915,0.8452,1.7414,2.5866,1.7414,1.0
1000000,4,4096,0.5915,0.8466,1.7443,2.591,1.7443,1.002
1000000,8,512,0.2958,0.4226,0.8707,1.2933,0.8707,1.0
1000000,8,1024,0.2958,0.4227,0.8708,1.2934,0.8708,1.0
1000000,8,2048,0.2958,0.4228,0.8711,1.2939,0.8711,1.001
1000000,8,4096,0.2958,0.4238,0.8732,1.297,0.8732,1.003
1000000,16,512,0.1479,0.2114,0.4356,0.6471,0.4356,1.001
1000000,16,1024,0.1479,0.2118,0.4364,0.6482,0.4364,1.003
1000000,16,2048,0.1479,0.2117,0.4363,0.648,0.4363,1.002
1000000,16,4096,0.1479,0.2179,0.449,0.6669,0.449,1.031
1000000,32,512,0.0739,0.1059,0.2183,0.3242,0.2183,1.003
1000000,32,1024,0.0739,0.1062,0.2188,0.325,0.2188,1.005
1000000,32,2048,0.0739,0.1074,0.2212,0.3286,0.2212,1.016
1000000,32,4096,0.0739,0.1163,0.2396,0.3559,0.2396,1.101
1000000,64,512,0.037,0.0545,0.1123,0.1668,0.1123,1.032
1000000,64,1024,0.037,0.0554,0.1141,0.1695,0.1141,1.048
1000000,64,2048,0.037,0.0554,0.1141,0.1695,0.1141,1.048
1000000,64,4096,0.037,0.0585,0.1205,0.179,0.1205,1.108
1000000,128,512,0.0185,0.0277,0.057,0.0847,0.057,1.048
1000000,128,1024,0.0185,0.0277,0.057,0.0847,0.057,1.048
1000000,128,2048,0.0185,0.0277,0.057,0.0847,0.057,1.048
1000000,128,4096,0.0185,0.0554,0.1141,0.1695,0.1141,2.097
10000000,4,512,5.9145,8.4494,17.4084,25.8578,17.4084,1.0
10000000,4,1024,5.9145,8.4494,17.4084,25.8579,17.4084,1.0
10000000,4,2048,5.9145,8.4497,17.4091,25.8588,17.4091,1.0
10000000,4,4096,5.9145,8.4496,17.4087,25.8583,17.4087,1.0
10000000,8,512,2.9573,4.2248,8.7043,12.9291,8.7043,1.0
10000000,8,1024,2.9573,4.2249,8.7047,12.9296,8.7047,1.0
10000000,8,2048,2.9573,4.225,8.7048,12.9299,8.7048,1.0
10000000,8,4096,2.9573,4.2254,8.7056,12.9309,8.7056,1.0
10000000,16,512,1.4786,2.1125,4.3524,6.465,4.3524,1.0
10000000,16,1024,1.4786,2.1127,4.3529,6.4656,4.3529,1.0
10000000,16,2048,1.4786,2.113,4.3535,6.4666,4.3535,1.0
10000000,16,4096,1.4786,2.1136,4.3548,6.4684,4.3548,1.001
10000000,32,512,0.7393,1.057,2.1778,3.2349,2.1778,1.001
10000000,32,1024,0.7393,1.0572,2.1782,3.2355,2.1782,1.001
10000000,32,2048,0.7393,1.0573,2.1785,3.2358,2.1785,1.001
10000000,32,4096,0.7393,1.0618,2.1876,3.2494,2.1876,1.005
10000000,64,512,0.3697,0.5292,1.0903,1.6195,1.0903,1.002
10000000,64,1024,0.3697,0.5294,1.0906,1.62,1.0906,1.002
10000000,64,2048,0.3697,0.5304,1.0927,1.623,1.0927,1.004
10000000,64,4096,0.3697,0.5385,1.1095,1.648,1.1095,1.02
10000000,128,512,0.1848,0.2662,0.5484,0.8146,0.5484,1.008
10000000,128,1024,0.1848,0.2663,0.5487,0.8151,0.5487,1.009
10000000,128,2048,0.1848,0.2769,0.5704,0.8473,0.5704,1.049
10000000,128,4096,0.1848,0.2769,0.5704,0.8473,0.5704,1.049
