r_gadget,t,body_meas_log2,body_pred_log2,score_meas,score_pred
10x6,0,25.68,25.678,1.916,1.916
10x6,1,40.476,40.471,20.8764,21.735
10x6,2,40.895,40.971,28.202,30.679
10x6,4,41.346,41.471,36.9491,43.344
10x6,8,41.803,41.971,52.5,61.267
10x6,16,42.293,42.471,77.9447,86.624
10x6,32,42.773,42.971,108.5067,122.489
10x6,64,43.258,43.471,157.0501,173.216
10x6,128,43.76,43.971,218.1377,244.956
10x6,256,44.27,44.471,305.2685,346.415
10x6,512,44.768,44.971,415.837,489.902
10x6,1024,45.27,45.471,604.0029,692.823
12x5,0,25.673,25.678,1.9228,1.923
12x5,1,42.342,42.339,71.7154,79.08
12x5,2,42.771,42.839,103.5124,111.82
12x5,4,43.227,43.339,140.8601,158.126
12x5,8,43.71,43.839,203.2201,223.615
12x5,16,44.211,44.339,285.7189,316.234
12x5,32,44.713,44.839,384.5419,447.218
12x5,64,45.209,45.339,561.629,632.458
12x5,128,45.721,45.839,790.5935,894.429
12x5,256,46.213,46.339,1111.9651,1264.913
12x5,512,46.703,46.839,1550.1061,1788.855
12x5,1024,47.196,47.339,2384.4058,2529.823
15x4,0,25.683,25.678,1.9203,1.92
15x4,1,45.197,45.178,587.2244,565.689
15x4,2,45.599,45.678,765.5615,800.002
15x4,4,46.036,46.178,1018.5181,1131.372
15x4,8,46.5,46.678,1388.4737,1600.001
15x4,16,46.992,47.178,1912.1536,2262.743
15x4,32,47.481,47.678,2864.4054,3200.001
15x4,64,47.976,48.178,3930.06,4525.484
15x4,128,48.475,48.678,5518.3065,6400.0
15x4,256,48.969,49.178,7924.7473,9050.967
15x4,512,49.458,49.678,10593.9469,12800.0
15x4,1024,49.966,50.178,15086.5768,18101.934
20x3,0,25.682,25.678,1.8657,1.866
20x3,1,49.973,49.971,15215.8778,15676.734
20x3,2,50.331,50.471,18812.5212,22170.25
20x3,4,50.762,50.971,24798.446,31353.469
20x3,8,51.224,51.471,34878.0686,44340.501
20x3,16,51.695,51.971,52205.0252,62706.937
20x3,32,52.184,52.471,70863.3503,88681.001
20x3,64,52.68,52.971,107370.755,125413.875
20x3,128,53.181,53.471,133343.9338,177362.003
20x3,256,53.673,53.971,153516.9411,250827.75
20x3,512,54.174,54.471,154053.5681,354724.005
20x3,1024,54.675,54.971,156193.8251,501655.499
4x15,0,25.669,25.678,1.8446,1.845
4x15,1,35.141,35.132,2.0078,1.921
4x15,2,35.561,35.632,2.0431,1.994
4x15,4,36.024,36.132,2.1091,2.132
4x15,8,36.49,36.632,2.261,2.386
4x15,16,36.978,37.132,2.7986,2.825
4x15,32,37.467,37.632,3.3969,3.544
4x15,64,37.973,38.132,4.2961,4.66
4x15,128,38.478,38.632,5.6605,6.326
4x15,256,38.981,39.132,7.9441,8.755
4x15,512,39.479,39.632,11.0431,12.243
4x15,1024,39.975,40.132,14.4568,17.215
5x12,0,25.678,25.678,1.8957,1.896
5x12,1,35.967,35.971,2.1098,2.123
5x12,2,36.386,36.471,2.362,2.329
5x12,4,36.84,36.971,2.6784,2.694
5x12,8,37.326,37.471,3.2104,3.304
5x12,16,37.813,37.971,3.985,4.271
5x12,32,38.288,38.471,5.1794,5.735
5x12,64,38.786,38.971,6.9276,7.886
5x12,128,39.289,39.471,9.2735,10.99
5x12,256,39.792,39.971,13.5395,15.426
5x12,512,40.308,40.471,18.8042,21.733
5x12,1024,40.798,40.971,26.1709,30.677
6x10,0,25.675,25.678,1.9032,1.903
6x10,1,36.838,36.839,2.6466,2.583
6x10,2,37.254,37.339,2.9938,3.119
6x10,4,37.726,37.839,3.8494,3.979
6x10,8,38.2,38.339,5.1394,5.295
6x10,16,38.708,38.839,6.9423,7.242
6x10,32,39.192,39.339,9.2529,10.064
6x10,64,39.688,39.839,12.8789,14.104
6x10,128,40.18,40.339,17.8645,19.856
6x10,256,40.688,40.839,24.4147,28.016
6x10,512,41.195,41.339,35.6327,39.574
6x10,1024,41.701,41.839,51.7143,55.934
8x7,0,25.69,25.678,1.9286,1.929
8x7,1,38.576,38.582,6.1553,6.156
8x7,2,39.035,39.082,7.9949,8.49
8x7,4,39.522,39.582,11.2705,11.851
8x7,8,40.006,40.082,16.1151,16.648
8x7,16,40.485,40.582,21.4676,23.465
8x7,32,40.985,41.082,31.1572,33.128
8x7,64,41.476,41.582,42.5345,46.81
8x7,128,41.979,42.082,59.9778,66.172
8x7,256,42.485,42.582,87.5169,93.561
8x7,512,42.99,43.082,119.8663,132.302
8x7,1024,43.488,43.582,172.2125,187.093
