config,op,us_per_item_median,us_min,us_max,rounds,batch,bytes
A_q16x2_r4x15,client_query_enc,373.49,373.49,373.49,1,20,16384
A_q16x2_r4x15,owner_reencrypt,3805.31,3805.31,3805.31,1,20,131072
A_q16x2_r4x15,owner_token_gen,101267.18,101267.18,101267.18,1,20,3932160
A_q16x2_r4x15,server_rotate,1140.41,1140.41,1140.41,1,20,131072
A_q16x2_r4x15,server_score,32.24,32.24,32.24,1,20,16384
A_q16x2_r4x15,server_to_fourier,124.12,124.12,124.12,1,20,131072
A_q4x8_r8x7,client_query_enc,372.68,372.68,372.68,1,20,16384
A_q4x8_r8x7,owner_reencrypt,15514.83,15514.83,15514.83,1,20,524288
A_q4x8_r8x7,owner_token_gen,47392.38,47392.38,47392.38,1,20,1835008
A_q4x8_r8x7,server_rotate,2346.00,2346.00,2346.00,1,20,524288
A_q4x8_r8x7,server_score,105.00,105.00,105.00,1,20,16384
A_q4x8_r8x7,server_to_fourier,506.78,506.78,506.78,1,20,524288
A_q8x4_r4x15,client_query_enc,369.25,369.25,369.25,1,20,16384
A_q8x4_r4x15,owner_reencrypt,7296.96,7296.96,7296.96,1,20,262144
A_q8x4_r4x15,owner_token_gen,105207.31,105207.31,105207.31,1,20,3932160
A_q8x4_r4x15,server_rotate,2422.10,2422.10,2422.10,1,20,262144
A_q8x4_r4x15,server_score,55.09,55.09,55.09,1,20,16384
A_q8x4_r4x15,server_to_fourier,243.33,243.33,243.33,1,20,262144
A_q8x4_r8x7,client_query_enc,389.71,389.71,389.71,1,20,16384
A_q8x4_r8x7,owner_reencrypt,7377.80,7377.80,7377.80,1,20,262144
A_q8x4_r8x7,owner_token_gen,47817.66,47817.66,47817.66,1,20,1835008
A_q8x4_r8x7,server_rotate,1132.81,1132.81,1132.81,1,20,262144
A_q8x4_r8x7,server_score,56.16,56.16,56.16,1,20,16384
A_q8x4_r8x7,server_to_fourier,118.48,118.48,118.48,1,20,262144
B_r10x6,client_query_enc,3701.60,3701.60,3701.60,1,20,131072
B_r10x6,owner_reencrypt,645.07,645.07,645.07,1,20,16384
B_r10x6,owner_token_gen,9194.89,9194.89,9194.89,1,20,393216
B_r10x6,server_rotate,59.60,59.60,59.60,1,20,16384
B_r10x6,server_score,24.03,24.03,24.03,1,20,16384
B_r12x5,client_query_enc,3665.46,3665.46,3665.46,1,20,131072
B_r12x5,owner_reencrypt,638.73,638.73,638.73,1,20,16384
B_r12x5,owner_token_gen,7601.60,7601.60,7601.60,1,20,327680
B_r12x5,server_rotate,50.45,50.45,50.45,1,20,16384
B_r12x5,server_score,24.98,24.98,24.98,1,20,16384
B_r15x4,client_query_enc,3627.28,3627.28,3627.28,1,20,131072
B_r15x4,owner_reencrypt,637.80,637.80,637.80,1,20,16384
B_r15x4,owner_token_gen,6089.99,6089.99,6089.99,1,20,262144
B_r15x4,server_rotate,42.13,42.13,42.13,1,20,16384
B_r15x4,server_score,24.04,24.04,24.04,1,20,16384
B_r4x15,client_query_enc,3684.32,3684.32,3684.32,1,20,131072
B_r4x15,owner_reencrypt,637.05,637.05,637.05,1,20,16384
B_r4x15,owner_token_gen,22672.56,22672.56,22672.56,1,20,983040
B_r4x15,server_rotate,144.34,144.34,144.34,1,20,16384
B_r4x15,server_score,23.22,23.22,23.22,1,20,16384
B_r6x10,client_query_enc,3725.28,3725.28,3725.28,1,20,131072
B_r6x10,owner_reencrypt,652.21,652.21,652.21,1,20,16384
B_r6x10,owner_token_gen,15736.40,15736.40,15736.40,1,20,655360
B_r6x10,server_rotate,97.43,97.43,97.43,1,20,16384
B_r6x10,server_score,23.64,23.64,23.64,1,20,16384
B_r8x7,client_query_enc,3608.76,3608.76,3608.76,1,20,131072
B_r8x7,owner_reencrypt,644.05,644.05,644.05,1,20,16384
B_r8x7,owner_token_gen,10701.70,10701.70,10701.70,1,20,458752
B_r8x7,server_rotate,68.57,68.57,68.57,1,20,16384
B_r8x7,server_score,24.06,24.06,24.06,1,20,16384
