layout,q_base_log,q_level,r_base_log,r_level,stage,k,t,score_err_std,score_err_maxabs,us_per_template
B,16,2,4,15,legacy,3,0,1.787,4.90,
B,16,2,4,15,upgraded,4,1,2.100,5.87,196.4
B,16,2,4,15,rotated,4,2,2.205,5.74,
B,16,2,4,15,rotated,4,3,2.357,6.03,
B,16,2,4,15,rotated,4,5,2.433,7.29,
B,16,2,4,15,rotated,4,9,2.746,8.15,
B,16,2,4,15,rotated,4,17,2.959,8.03,
B,16,2,4,15,rotated,4,33,3.676,9.85,
B,16,2,4,15,rotated,4,65,4.731,15.87,
A,4,8,4,15,legacy,3,0,0.547,1.62,
A,4,8,4,15,upgraded,4,1,11.556,26.60,9592.3
A,4,8,4,15,rotated,4,2,16.692,39.51,
A,4,8,4,15,rotated,4,3,18.461,51.75,
A,4,8,4,15,rotated,4,5,24.242,61.65,
A,4,8,4,15,rotated,4,9,31.425,72.08,
A,4,8,4,15,rotated,4,17,53.739,137.42,
