gadget,t,noise_meas,noise_pred,score_meas,score_pred
6x6,0,31.342,31.369,3.0273,3.027
4x9,0,31.259,31.369,3.3113,3.311
9x4,0,31.336,31.369,2.9503,2.95
3x12,0,31.421,31.369,2.9854,2.985
2x18,0,31.383,31.369,3.2624,3.262
6x6,1,36.684,36.679,3.5594,3.407
4x9,1,34.986,34.983,3.093,3.346
9x4,1,39.376,39.386,9.8966,10.624
3x12,1,34.273,34.215,3.3129,2.999
2x18,1,33.638,33.565,3.4589,3.267
6x6,2,37.179,37.179,3.9862,3.749
4x9,2,35.478,35.481,3.3923,3.38
9x4,2,39.87,39.886,14.8599,14.732
3x12,2,34.717,34.708,3.3633,3.012
2x18,2,34.075,34.048,3.2481,3.272
6x6,4,37.68,37.679,4.3629,4.352
4x9,4,35.987,35.979,3.2187,3.448
2x18,4,34.532,34.539,3.0564,3.281
9x4,4,40.386,40.386,21.5672,20.625
3x12,4,35.209,35.205,3.2893,3.038
4x9,8,36.483,36.479,3.6312,3.58
6x6,8,38.181,38.179,5.6374,5.359
9x4,8,40.882,40.886,27.6357,29.018
2x18,8,35.096,35.035,3.248,3.3
3x12,8,35.706,35.703,3.2495,3.089
4x9,16,36.975,36.979,3.7596,3.83
6x6,16,38.687,38.679,6.8271,6.947
9x4,16,41.378,41.386,37.4392,40.932
3x12,16,36.23,36.202,3.3294,3.189
2x18,16,35.635,35.532,3.2589,3.338
4x9,32,37.482,37.478,3.8731,4.286
6x6,32,39.185,39.179,10.086,9.347
9x4,32,41.88,41.886,56.0211,57.811
3x12,32,36.693,36.701,3.5436,3.381
2x18,32,36.09,36.031,3.4415,3.411
9x4,64,42.377,42.386,72.0726,81.704
6x6,64,39.683,39.679,12.3039,12.867
4x9,64,37.98,37.978,5.3671,5.076
3x12,64,37.212,37.201,3.755,3.735
2x18,64,36.512,36.531,3.4662,3.554
9x4,128,42.88,42.886,99.9684,115.509
6x6,128,40.188,40.179,19.2897,17.944
4x9,128,38.482,38.478,6.4767,6.37
3x12,128,37.692,37.701,4.3258,4.358
2x18,128,37.022,37.03,4.4238,3.824
9x4,256,43.386,43.386,140.4458,163.328
6x6,256,40.689,40.679,27.7092,25.195
4x9,256,38.981,38.978,8.7436,8.378
3x12,256,38.19,38.201,5.736,5.392
9x4,512,43.891,43.886,209.0639,230.962
2x18,256,37.536,37.53,4.7346,4.312
6x6,512,41.183,41.179,36.699,35.502
4x9,512,39.482,39.478,11.382,11.376
3x12,512,38.687,38.701,6.9651,7.017
9x4,1024,44.386,44.386,300.0905,326.616
6x6,1024,41.689,41.679,51.0446,50.117
2x18,512,38.014,38.03,4.5994,5.153
4x9,1024,39.976,39.978,15.8005,15.743
3x12,1024,39.193,39.201,9.1264,9.463
6x6,2048,42.182,42.179,67.3958,70.811
2x18,1024,38.583,38.53,7.2772,6.516
4x9,2048,40.491,40.478,21.7702,22.017
3x12,2048,39.693,39.701,14.2995,13.046
6x6,4096,42.682,42.679,94.2772,100.096
4x9,4096,40.985,40.978,31.6575,30.96
3x12,4096,40.189,40.201,19.6361,18.207
