bl,lv,t,noise_log2,score_err_std,score_err_maxabs
6,6,0,31.342,3.0273,10.02
4,9,0,31.259,3.3113,9.62
9,4,0,31.336,2.9503,10.06
3,12,0,31.421,2.9854,11.14
2,18,0,31.383,3.2624,12.81
6,6,1,36.684,3.5594,12.41
4,9,1,34.986,3.0930,9.71
9,4,1,39.376,9.8966,33.52
3,12,1,34.273,3.3129,11.00
2,18,1,33.638,3.4589,10.55
6,6,2,37.179,3.9862,13.56
4,9,2,35.478,3.3923,8.77
9,4,2,39.870,14.8599,41.86
3,12,2,34.717,3.3633,9.73
2,18,2,34.075,3.2481,10.21
6,6,4,37.680,4.3629,11.03
4,9,4,35.987,3.2187,9.92
2,18,4,34.532,3.0564,11.57
9,4,4,40.386,21.5672,70.73
3,12,4,35.209,3.2893,11.68
4,9,8,36.483,3.6312,10.99
6,6,8,38.181,5.6374,19.04
9,4,8,40.882,27.6357,78.59
2,18,8,35.096,3.2480,11.36
3,12,8,35.706,3.2495,9.39
4,9,16,36.975,3.7596,14.27
6,6,16,38.687,6.8271,22.46
9,4,16,41.378,37.4392,117.23
3,12,16,36.230,3.3294,8.99
2,18,16,35.635,3.2589,9.79
4,9,32,37.482,3.8731,12.60
6,6,32,39.185,10.0860,29.32
9,4,32,41.880,56.0211,150.81
3,12,32,36.693,3.5436,8.88
2,18,32,36.090,3.4415,11.43
9,4,64,42.377,72.0726,209.00
6,6,64,39.683,12.3039,35.68
4,9,64,37.980,5.3671,15.96
3,12,64,37.212,3.7550,12.92
2,18,64,36.512,3.4662,11.93
9,4,128,42.880,99.9684,285.73
6,6,128,40.188,19.2897,56.06
4,9,128,38.482,6.4767,19.09
3,12,128,37.692,4.3258,15.48
2,18,128,37.022,4.4238,14.95
9,4,256,43.386,140.4458,464.32
6,6,256,40.689,27.7092,88.66
4,9,256,38.981,8.7436,25.22
3,12,256,38.190,5.7360,17.01
9,4,512,43.891,209.0639,621.65
2,18,256,37.536,4.7346,14.70
6,6,512,41.183,36.6990,138.21
4,9,512,39.482,11.3820,39.01
3,12,512,38.687,6.9651,19.63
9,4,1024,44.386,300.0905,854.05
6,6,1024,41.689,51.0446,182.88
2,18,512,38.014,4.5994,13.59
4,9,1024,39.976,15.8005,56.36
3,12,1024,39.193,9.1264,28.03
6,6,2048,42.182,67.3958,196.74
2,18,1024,38.583,7.2772,18.72
4,9,2048,40.491,21.7702,68.88
3,12,2048,39.693,14.2995,45.94
6,6,4096,42.682,94.2772,356.00
4,9,4096,40.985,31.6575,88.70
3,12,4096,40.189,19.6361,54.68
