config,kind,t,value1,value2,value3
baseline_extprod_4x15_64b,sizes,0,983040,8192.0,13.344
native_4x15_64b,sizes,0,245776,8192.0,13.111
native_4x9_64b,sizes,0,147472,8192.0,7.888
compact_native_4x9_36_32,sizes,0,147472,4352.0,7.785
compact_native_4x9_36_32_rr,sizes,0,180240,4352.0,8.025
baseline_extprod_4x15_64b,time_us_per_ct,0,187.65,187.20,190.07
native_4x15_64b,time_us_per_ct,0,139.71,136.78,142.04
native_4x9_64b,time_us_per_ct,0,88.54,87.25,89.81
compact_native_4x9_36_32,time_us_per_ct,0,88.83,87.45,90.98
compact_native_4x9_36_32_rr,time_us_per_ct,0,152.94,151.82,153.24
baseline_extprod_4x15_64b,noise,0,25.694,2.5898,8.45
baseline_extprod_4x15_64b,noise,1,35.344,2.7291,9.06
baseline_extprod_4x15_64b,noise,16,37.194,3.7955,12.92
baseline_extprod_4x15_64b,noise,256,39.177,8.6814,31.45
baseline_extprod_4x15_64b,noise,1024,40.176,19.1202,57.99
native_4x15_64b,noise,0,25.677,2.5495,6.64
native_4x15_64b,noise,1,35.336,2.7898,9.62
native_4x15_64b,noise,16,37.189,3.7602,10.39
native_4x15_64b,noise,256,39.187,9.1499,29.42
native_4x15_64b,noise,1024,40.168,18.5964,61.21
native_4x9_64b,noise,0,25.673,2.6673,12.25
native_4x9_64b,noise,1,34.978,2.7053,8.35
native_4x9_64b,noise,16,36.980,3.1639,10.49
native_4x9_64b,noise,256,38.976,7.7277,21.61
native_4x9_64b,noise,1024,40.000,15.4090,48.38
compact_native_4x9_36_32,noise,0,31.386,3.0842,12.01
compact_native_4x9_36_32,noise,1,34.976,3.2963,9.25
compact_native_4x9_36_32,noise,16,36.970,3.4917,9.83
compact_native_4x9_36_32,noise,256,39.007,8.3414,25.86
compact_native_4x9_36_32,noise,1024,40.002,16.9269,48.97
compact_native_4x9_36_32_rr,noise,0,31.380,3.0500,9.49
compact_native_4x9_36_32_rr,noise,1,34.979,3.2703,10.71
compact_native_4x9_36_32_rr,noise,16,36.976,3.8050,12.01
compact_native_4x9_36_32_rr,noise,256,38.984,7.9410,26.33
compact_native_4x9_36_32_rr,noise,1024,39.974,15.6578,46.36
